{
  "hash": "e2ca3b7f",
  "configHash": "88cfdc74",
  "lockfileHash": "39c03c4c",
  "browserHash": "3691d5a3",
  "optimized": {
    "@angular/core": {
      "src": "../../../../../node_modules/@angular/core/fesm2022/core.mjs",
      "file": "@angular_core.js",
      "fileHash": "a85c8a44",
      "needsInterop": false
    },
    "@angular/platform-browser": {
      "src": "../../../../../node_modules/@angular/platform-browser/fesm2022/platform-browser.mjs",
      "file": "@angular_platform-browser.js",
      "fileHash": "22850e0f",
      "needsInterop": false
    },
    "@angular/router": {
      "src": "../../../../../node_modules/@angular/router/fesm2022/router.mjs",
      "file": "@angular_router.js",
      "fileHash": "1a9a6ed6",
      "needsInterop": false
    },
    "@angular/common": {
      "src": "../../../../../node_modules/@angular/common/fesm2022/common.mjs",
      "file": "@angular_common.js",
      "fileHash": "73aeab73",
      "needsInterop": false
    }
  },
  "chunks": {
    "chunk-7ROEG5FO": {
      "file": "chunk-7ROEG5FO.js"
    },
    "chunk-2JOM4EE6": {
      "file": "chunk-2JOM4EE6.js"
    },
    "chunk-7UBRETAF": {
      "file": "chunk-7UBRETAF.js"
    }
  }
}