{
  "hash": "6d166ef0",
  "configHash": "76c48cbb",
  "lockfileHash": "39c03c4c",
  "browserHash": "a0ce2952",
  "optimized": {
    "@angular/core": {
      "src": "../../../../../node_modules/@angular/core/fesm2022/core.mjs",
      "file": "@angular_core.js",
      "fileHash": "196da7e0",
      "needsInterop": false
    },
    "@angular/platform-browser": {
      "src": "../../../../../node_modules/@angular/platform-browser/fesm2022/platform-browser.mjs",
      "file": "@angular_platform-browser.js",
      "fileHash": "2ec5da6f",
      "needsInterop": false
    },
    "@angular/router": {
      "src": "../../../../../node_modules/@angular/router/fesm2022/router.mjs",
      "file": "@angular_router.js",
      "fileHash": "5dd8ce27",
      "needsInterop": false
    },
    "@angular/common": {
      "src": "../../../../../node_modules/@angular/common/fesm2022/common.mjs",
      "file": "@angular_common.js",
      "fileHash": "382fbb9e",
      "needsInterop": false
    },
    "@angular/forms": {
      "src": "../../../../../node_modules/@angular/forms/fesm2022/forms.mjs",
      "file": "@angular_forms.js",
      "fileHash": "a46c9fa8",
      "needsInterop": false
    }
  },
  "chunks": {
    "chunk-MAGCIA45": {
      "file": "chunk-MAGCIA45.js"
    },
    "chunk-43FRHVWD": {
      "file": "chunk-43FRHVWD.js"
    },
    "chunk-LVUFFOQ3": {
      "file": "chunk-LVUFFOQ3.js"
    }
  }
}